O/E/A,Title (EN),Bezeichnung (deutsch),Beschreibung (falls nicht aus externer Ontologie entnommen)/Definition,Grund-/Fachbuch,Attribute,Relationen,UUID,key,anwendbar auf
,Allgemeine Kategorien,,,,,,,,
Entität,PersonEntity,Abstrakte Person,Die Entität beschreibt eine Person (juristisch oder natürlich).,Grundbuch,"entity:class
entity:abstract",,stc://base-0-5/PersonEntity,category.stc://base-0-5/PersonEntity,
Entität,https://schema.org/Person,Natürliche Person,Die Entität beschreibt eine natürliche Person inkl. Funktionaler Figuren.,Grundbuch,"entity:class
entity:abstract",[https://schema.org/Person] <is a> [PersonEntity],stc://base-0-5/https://schema.org/Person,category.stc://base-0-5/https://schema.org/Person,
Entität,LegalPerson,Juristische Person,Die Entität bezeichnet eine juristische Person.,Grundbuch,"entity:class
entity:abstract",[LegalPerson] <is a> [PersonEnitity],stc://base-0-5/LegalPerson,category.stc://base-0-5/LegalPerson,
Entität,Institution,Institution,"Eine formal definierte Institution (Unternehmen, NGO, Partei, Funktionseinheit der Gesellschaft z.B. Regierung, Opposition)",Grundbuch,"entity:class
entity:abstract",,stc://base-0-5/Institution,category.stc://base-0-5/Institution,
Entität,ActingEntity,Akteur,"Eine Person oder Institution, die Handlungen ausführen kann",Grundbuch,"entity:class
entity:abstract",,stc://base-0-5/ActingEntity,category.stc://base-0-5/ActingEntity,
Entität,Activity,Handlung,Die Entität bezeichnet eine Tätigkeit oder Handlung,Grundbuch,"entity:class
entity:abstract",,stc://base-0-5/Activity,category.stc://base-0-5/Activity,
Entität,https://schema.org/Event,Ereignis,"Die Entität bezeichnet ein Ereignis, welches durch einen Zeitraum und einen Ort (kann auch abstrakt sein) gekennzeichnet ist.",Grundbuch,"entity:class
entity:abstract",,stc://base-0-5/https://schema.org/Event,category.stc://base-0-5/https://schema.org/Event,
Entität,https://schema.org/Place,Ort,"Eine geographische Ortsdefinition, entweder ein Punkt oder ein Gebiet (geografischer Raum), auch anwendbar für abstrakte Orte wie den „Weltraum“ oder das „Internet“.",Grundbuch,"entity:class
entity:abstract",,stc://base-0-5/https://schema.org/Place,category.stc://base-0-5/https://schema.org/Place,
Entität,Issue,Thema,"Die Entität bezeichnet ein Thema, welchem Akteure, Ereignisse, Werte u.ä. zugeordnet werden.",Grundbuch,"entity:class
entity:abstract",,stc://base-0-5/Issue,category.stc://base-0-5/Issue,
Entität,SocialGroup,Soziale Gruppe,"Die Entität bezeichnet eine soziale Gruppe, die durch ein oder mehrere Merkmale definiert wird – oder auch nicht, wenn die soziale Gruppe abstrakt gehalten oder das Merkmal subjektiv ist (z.B. „schlaue Menschen“, „Opportunisten“).",Grundbuch,"entity:class
entity:abstract",,stc://base-0-5/SocialGroup,category.stc://base-0-5/SocialGroup,
Entität,Context,Kontext,"Ein Kontext, der nicht das „hier und jetzt“ bezeichnet, z.B. die „Vergangenheit“ oder ein geografisch entfernter Ort",Grundbuch,"entity:class
entity:abstract",,stc://base-0-5/Context,category.stc://base-0-5/Context,
Entität,TemporalContext,Zeitlicher Kontext,"Ein zeitlicher Kontext, in welchem ein Ereignis stattfindet oder stattgefunden hat.",Grundbuch,"entity:class
entity:abstract",[TemporalContext] <is a> [Context],stc://base-0-5/TemporalContext,category.stc://base-0-5/TemporalContext,
Entität,SpacialContext,Örtliche Kontext,"Ein örtlicher oder geographischer Kontext, wo ein Ereignis stattfindet oder stattgefunden hat.",Grundbuch,"entity:class
entity:abstract",[SpacialContext] <is a> [Context],stc://base-0-5/SpacialContext,category.stc://base-0-5/SpacialContext,
Entität,Scheme,Schema,"Ein Schema im Sinne von Priming und Agenda Setting, also ein prototypisches Ablaufmuster fürVerhalten, Tätigkeiten, politische Prozesse u.s.w.",Grundbuch,"entity:class
entity:abstract",,stc://base-0-5/Scheme,category.stc://base-0-5/Scheme,
Entität,Quantity,Anteil,"Eine Teilmenge oder ein Anteil von einer Gruppe oder Menge, wird in aller Regel konkretisiert.",Grundbuch,"entity:class
entity:abstract",,stc://base-0-5/Quantity,category.stc://base-0-5/Quantity,
,Nicht-abstrakte Kategorien,,,,,,,,
Entität,Author,Verfasser:in,"Die Person oder Personen, welche den Text verfasst hat oder als solche dargestellt wird. Bei gesprochenen Texten ist das die Sprecher:in. Diese Entität ist z.B. dann sinnvoll, wenn im Text eine Meinung geäußert wird.",Grundbuch,,[Author] <is a> [ActingEntity],stc://base-0-5/Author,entity.stc://base-0-5/Author,
Entität,PastContext,Vergangenheit,"Eine vergangene Zeit, die ausreichend lange zurück liegt, dass sie keine aktuellen Geschehnisse oder Entwicklungen bezeichnet, womöglich aber deren Ursachen.",Grundbuch,,[PastContext] <is a> [TemporalContext],stc://base-0-5/PastContext,entity.stc://base-0-5/PastContext,
Entität,PassiveEntity,Passiv-Entität,"Diese Entität wird verwendet, wenn aus dem Text nicht ersichtlich wer bei einer geplanten oder vollzogenen Handlung der Akteur ist, üblicherweise bei Passiv-Formulierungen (z.B. „Müller wurde entlassen“ → [Passiv-Entität] <entlässt> [Müller]). Wenn sich die",Grundbuch,,[PassiveEntity] <is a> [ActingEntity],stc://base-0-5/PassiveEntity,entity.stc://base-0-5/PassiveEntity,
Entität,SomePerson,Personen,"Diese Entität bezeichnet eine oder mehrere nicht näher definierte Personen, z.B. zur Beschreibung von Tätigkeiten ohne dass ein Bezug zu einer konkreten Handlung besteht.",Grundbuch,,"[SomePerson] <is a> [https://schema.org/Person]
[SomePerson] <is a> [ActingEntity]",stc://base-0-5/SomePerson,entity.stc://base-0-5/SomePerson,
Entität,SomeActingEntity,Akteur,"Diese Entität bezeichnet eine abstrakte Person oder Institution, z.B. zur Beschreibung von Tätigkeiten ohne dass ein Bezug zu einer konkreten Handlung besteht.",Grundbuch,,"[SomeActingEntity] <is a> [PersonEntity]
[SomeActingEntity] <is a> [ActingEntity]",stc://base-0-5/SomeActingEntity,entity.stc://base-0-5/SomeActingEntity,
Entität,unspecific Quantity,unspezifischer Anteil,"Ein nicht weiter spezifizeirter Anteil einer Gruppe, wird i.d.R. mit dem Operator <Anteil> verwendet",Grundbuch,,,stc://base-0-5/unspecific Quantity,entity.stc://base-0-5/unspecific Quantity,
,Technische Enitäten,,,,,,,,
Entität,EntityA,Entität A,"Bezeichnet die Entität, die links des Operators steht. Diese Entität wird verwendet, um z.B. Restriktionen für Operatoren zu formulieren.",Grundbuch,entity:abstract,,stc://base-0-5/EntityA,entity.stc://base-0-5/EntityA,
Entität,EntityB,Entität B,"Bezeichnet die Entität, die rechts des Operators steht. Diese Entität wird verwendet, um z.B. Restriktionen für Operatoren zu formulieren.",Grundbuch,entity:abstract,,stc://base-0-5/EntityB,entity.stc://base-0-5/EntityB,
Entität,Attribute,Attribut,Bezeichnet ein Attribut,Grundbuch,entity:abstract,,stc://base-0-5/Attribute,entity.stc://base-0-5/Attribute,
,,,,,,,,,
,Allgemeine Akteure,,,,,,,,
Entität,ThePublic,Die Öffentlichkeit,Bezeichnet die abstrakte Idee einer Öffentlichkeit im Sinne von „alle“.,Grundbuch,,,stc://media-0-4/ThePublic,entity.stc://media-0.4/ThePublic,
Entität,TheMedia,Die Medien,Bezeichnet die abstrakte Idee der funktionalen Einheit von etablierten Medien in der Gesellschaft – soziale Medien sind hier explizit ausgeschlossen.,Grundbuch,,,stc://media-0-4/TheMedia,entity.stc://media-0.4/TheMedia,
Entität,TheSocialMedia,Die soziale Medien,"Bezeichnet die abstrakte Idee der Gesamtheit sozialer Medienangebote wie Facebook, Twitter, Instagram, ...",Grundbuch,,,stc://media-0-4/TheSocialMedia,entity.stc://media-0-4/TheSocialMedia,
Entität,ThePolitics,Die Politik,Bezeichnet die abstrakte Idee der funktionalen Einheit von Politik in der Gesellschaft.,Grundbuch,,,stc://media-0-4/ThePolitics,entity.stc://media-0-4/ThePolitics,
Entität,Government,Die Regierung,"Die in einem bestimmten Zeitraum als Regierung tätigen Personen bzw. die funktionale Einheit, welche die Regierungsarbeit erledigt.",Grundbuch,,[Government] <is a> [Institution],stc://media-0-4/Government,entity.stc://media-0-4/Government,
Entität,Opposition,Die Opposition,"Die Gesamtheit der im Parlament sitzenden Volksvertreter, die nicht der Regierung zuzurechnen sind.",Grundbuch,,[Opposition] <is a> [Institution],stc://media-0-4/Opposition,entity.stc://media-0-4/Opposition,
Entität,Citizens,Die Bürger,"Die Gesamtheit der Personen einer Regierungseinheit (Kontinent, Land, Bundesland, Landkreis, …), welche als Bürger der Regierungseinheit anerkannt werden.",Grundbuch,,,stc://media-0-4/Citizens,entity.stc://media-0-4/Citizens,
Entität,Inhabitants,Die Einwohner,"Die Gesamtheit der Personen, die in einem definierten geografischen Raum wohnen.",Grundbuch,,,stc://media-0-4/Inhabitants,entity.stc://media-0-4/Inhabitants,
Entität,Criminals,Kriminelle,"Personen, die geschäftsmäßig Straftaten begehen oder vom Text anderweitig als „Kriminelle“ bezeichnet werden.",Grundbuch,,[Criminals] <is a> [SocialGroup],stc://media-0-4/Criminals,entity.stc://media-0-4/Criminals,
Entität,People,Menschen,"menschliche Lebewesen, Individuen",Grundbuch,,,stc://media-0-4/people,entity.stc://media-0-4/people,
,,,,,,,,,
,Konkrete Akteur/innen und Positionen:,,,,,,,,
Entität,faction vize,Fraktionsvize,Der Fraktionsvize ist die Vertretung des Leiters einer Fraktion in einem demokratisch gewählten Parlament.,Fachbuch,,,stc://media-0-4/faction_vize,entity.stc://media-0-4/faction_vize,
Entität,CDU ,Christlich Demokratische Union (CDU),"Die Christlich Demokratische Union Deutschlands ist eine zwischen 1945 und 1950 gegründete, christdemokratische, konservative und wirtschaftsliberale Partei in Deutschland. Sie wird im politischen Spektrum mitte-rechts verortet.",Fachbuch,,,https://dbpedia.org/page/Christian_Democratic_Union_of_Germany,entity.https://dbpedia.org/page/Christian_Democratic_Union_of_Germany,
Entität,SPD,Sozialdemokratische Partei Deutschlands,Die Sozialdemokratische Partei Deutschlands (SPD) ist eine politische Partei in Deutschland.,Fachbuch,,,https://www.wikidata.org/wiki/Q49768,entity.https://www.wikidata.org/wiki/Q49768,
Entität,CDU/CSU Bundestagsfraktion,CDU/CSU Bundestagsfraktion,Die CDU/CSU-Fraktion im Deutschen Bundestag (kurz CDU/CSU-Bundestagsfraktion oder Unionsfraktion) ist die gemeinsame Fraktion der oft als Unionsparteien bezeichneten Schwesterparteien CDU und CSU im Deutschen Bundestag. Vorsitzender der Fraktion ist Friedrich Merz. ,Fachbuch,,,https://www.wikidata.org/wiki/Q1023134,entity.https://www.wikidata.org/wiki/Q1023134,
Entität,German Alliance Partner,Deutsche Bündnispartner,Internationale Verbündete der Bundesrepublik Deutschland,Fachbuch,,,stc://media-0-4/German_Alliance_Partner,entity.stc://media-0-4/German_Alliance_Partner,
Entität,Cabinet of Germany,Deutsche Bundesregierung,Die Bundesregierung ist ein Verfassungsorgan und übt die Exekutivgewalt auf Bundesebene aus. Sie besteht aus dem Bundeskanzler und den Bundesministern.,Fachbuch,,,https://dbpedia.org/page/Cabinet_of_Germany,entity.https://dbpedia.org/page/Cabinet_of_Germany,
Entität,Chancellor of Germany,Deutsche/r Bundeskanzler/in,Der Bundeskanzler ist der Regierungschef der Bundesrepublik Deutschland. ,Fachbuch,,,https://dbpedia.org/page/Chancellor_of_Germany,entity.https://dbpedia.org/page/Chancellor_of_Germany,
Entität,Armed Forces (Germany),Bundeswehr,Die Bundeswehr umfasst die Streitkräfte der Bundesrepublik Deutschland sowie zivile Bereiche. ,Fachbuch,,,https://www.wikidata.org/wiki/Q56010,entity.https://www.wikidata.org/wiki/Q56010,
Entität,NATO,NATO (Militärbündnis),"Die NATO ist ein Verteidigungsbündnis von 30 europäischen und nordamerikanischen Mitgliedstaaten, das dem gemeinsamen Schutz der eigenen Territorien dient und darüber hinaus das Ziel weltweiter politischer Sicherheit und Stabilität verfolgt.",Fachbuch,,,https://dbpedia.org/page/NATO,entity.https://dbpedia.org/page/NATO,
Entität,Federal Republic of Germany,Bundesrepublik Deutschland,Die Bundesrepublik Deutschland) ist ein Bundesstaat in Mitteleuropa.,Fachbuch,,,https://dbpedia.org/page/Germany,entity.https://dbpedia.org/page/Germany,
Entität,German Bundestag,Deutscher Bundestag,Der Deutsche Bundestag ist das Parlament und somit das gesetzgebende Organ der Bundesrepublik Deutschland mit Sitz in Berlin.,Fachbuch,,,https://dbpedia.org/page/Bundestag,entity.https://dbpedia.org/page/Bundestag,
Entität,faction leader,Fraktionschef,"Der Fraktionsvorsitzende (Deutschland), Klubobmann (Österreich) oder Fraktionspräsident (Schweiz), umgangssprachlich auch Fraktionschef, ist der Leiter einer Fraktion in einem demokratisch gewählten Parlament. ",Fachbuch,,,https://www.wikidata.org/wiki/Q928764,entity.https://www.wikidata.org/wiki/Q928764,
,,,,,,,,,
,Anteile/Prozentangaben,,,,,,,,
Entität,QuantityHalf,die Hälfte,50 Prozent einer Einheit,Fachbuch,,[QuantityHalf] <is a> [Quantity],stc://media-0-4/QuantityHalf,entity.stc://media-0-4/QuantityHalf,
Entität,QuantityThird,ein Dritte,"33,33 Prozent einer Einheit",Fachbuch,,[QuantityThird] <is a> [Quantity],stc://media-0-4/QuantityThird,entity.stc://media-0-4/QuantityThird,
Entität,QuantityFourth,ein Viertel,25 Prozent einer Einheit,Fachbuch,,[QuantityFourth] <is a> [Quantity],stc://media-0-4/QuantityFourth,entity.stc://media-0-4/QuantityFourth,
Entität,QuantityFifth,ein Fünftel,20 Prozent einer Einheit,Fachbuch,,[QuantityFifth] <is a> [Quantity],stc://media-0-4/QuantityFifth,entity.stc://media-0-4/QuantityFifth,
Entität,QuantityMajority,eine Mehrheit,"Mehrheit bezeichnet die überwiegende Anzahl aus einer Gesamtanzahl von Personen, Meinungen oder Sachen (Gegenteil von Minderheit).",Fachbuch,,[QuantityMajority] <is a> [Quantity],stc://media-0-4/QuantityMajority,entity.stc://media-0-4/QuantityMajority,
Entität,QuantityMinority,eine Minderheit,"Eine Minderheit ist ein numerisch geringerer Teil einer Gesamtheit, der sich durch personale oder kulturelle Merkmale von der Mehrheit unterscheidet.",Fachbuch,,[QuantityMinority] <is a> [Quantity],stc://media-0-4/QuantityMinority,entity.stc://media-0-4/QuantityMinority,
Entität,QuantityNarrowMajority,eine knappe Mehrheit,,Fachbuch,,[QuantityNarrowMajority] <is a> [Quantity],stc://media-0-4/QuantityNarrowMajority,entity.stc://media-0-4/QuantityNarrowMajority,
,,,,,,,,,
,Zeitangaben,,,,,,,,
Entität,TimeLastNight,Vergangene Nacht,Ein Ereignis wird in der vergangenen Nacht verortet.,Fachbuch,,[TimeLastNight] <is a> [Temporal Context],stc://media-0-4/TimeLastNight,entity.stc://media-0-4/TimeLastNight,
Entität,TimeLastDay,Gestern,Ein Ereignis wird dem vergangenen Tag zugeordnet.,Fachbuch,,[TimeLastDay] <is a> [Temporal Context],stc://media-0-4/TimeLastDay,entity.stc://media-0-4/TimeLastDay,
Entität,for weeks,wochenlang,"viele Wochen andauernd, anhaltend",Fachbuch,,,stc://media-0-4/ForWeeks,entity.stc://media-0-4/ForWeeks,
Entität,daily,täglich,"jeden Tag (vor sich gehend, wiederkehrend)",Fachbuch,,,stc://media-0-4/daily,entity.stc://media-0-4/daily,
Entität,within the last few weeks,innerhalb der letzten Wochen,im Zeitraum der vergangenen zwei oder mehr Wochen,Fachbuch,,,stc://media-0-4/WithinTheLastFewWeeks,entity.stc://media-0-4/WithinTheLastFewWeeks,
Entität,today,heute,am heutigen Tag,Fachbuch,,,stc://media-0-4/today,entity.stc://media-0-4/today,
Entität,past,Vergangenheit,In der Vergangenheit liegend (zurückliegend),Fachbuch,,,stc://media-0-4/past,entity.stc://media-0-4/past,
Entität,future,Zukunft,"Zeit, die noch bevorsteht, die noch nicht da ist; die erst kommende oder künftige Zeit (und das in ihr zu Erwartende)",Fachbuch,,,stc://media-0-4/future,entity.stc://media-0-4/future,
Entität,currently,aktuell,"gegenwärtig vorhanden, bedeutsam für die unmittelbare Gegenwart; gegenwartsbezogen, -nah, zeitnah, zeitgemäß",Fachbuch,,,stc://media-0-4/currently,entity.stc://media-0-4/currently,
,,,,,,,,,
,Sonstige allgemeine Begriffe,,,,,,,,
Entität,internal dispute,interner Streit,"Eine Gruppe von Personen ist sich in einer oder mehreren Entscheidungen uneinig und dies wird als ""Streit"" bezeichnet.",Fachbuch,entity:schema,,stc://media-0-4/internal_dispute,entity.stc://media-0-4/internal_dispute,
Entität,pending decision,ausstehende Entscheidung,"Eine politische Entscheidung, welche diesem Schema folgt, ist aktuell noch nicht entschieden (z.B. fand noch keine Abstimmung statt, welche die offene Entscheidung in eine getroffene Entscheidung überführt hätte), es wird noch darüber verhandelt oder die Abstimmungsberechtigten werden noch umworben.",Fachbuch,entity:schema,,stc://media-0-4/pending_decision,entity.stc://media-0-4/pending_decision,
Entität,SchemePendingDecision,Schema: ausstehende Entscheidung,,Fachbuch,,[SchemePendingDecision] <is a> [Scheme],stc://media-0-4/SchemePendingDecision,entity.stc://media-0-4/SchemePendingDecision,
Entität,ActivityPolitical,Politische Aktivität,"Eine Handlung (i.d.R. symbolisch oder kommunikation), welche durch einen Akteur im Kontext von Politik ausgeführt wird.",Fachbuch,entity:abstract,[ActivityPolitical] <is a> [Activity],stc://media-0-4/ActivityPolitical,entity.stc://media-0-4/ActivityPolitical,
Entität,Facebook-Post,Facebook-Post,Ein Posting oder Post ist ein einzelner Beitrag auf der Social-Media-Plattform Facebook.,Fachbuch,,,stc://media-0-4/Facebook-Post,entity.stc://media-0-4/Facebook-Post,
Entität,Tweet,Tweet,beim Twittern gesendeter/geteilter Inhalt,Fachbuch,,,stc://media-0-4/Tweet,entity.stc://media-0-4/Tweet,
Entität,question,Frage,"Äußerung, mit der man sich an jemanden wendet und auf die man eine Antwort erwartet",Fachbuch,,,https://www.wikidata.org/wiki/Q189756,entity.https://www.wikidata.org/wiki/Q189756,
Entität,answer,Antwort,"mündliche oder schriftliche Erwiderung, Entgegnung; Reaktion",Fachbuch,,,https://www.wikidata.org/wiki/Q1920566,entity.https://www.wikidata.org/wiki/Q1920566,
Entität,promise,Versprechen,"verbindlich erklären, zusichern, etwas Bestimmtes zu tun",Fachbuch,,,https://www.wikidata.org/wiki/Q1425577,entity.https://www.wikidata.org/wiki/Q1425577,
Entität,freedom,Freiheit,"Zustand, in dem jemand frei von bestimmten persönlichen oder gesellschaftlichen, als Zwang oder Last empfundenen Bindungen oder Verpflichtungen, unabhängig ist und sich in seinen Entscheidungen o. Ä. nicht eingeschränkt fühlt",Fachbuch,,,https://www.wikidata.org/wiki/Q243968,entity.https://www.wikidata.org/wiki/Q243968,
Entität,sovereignty,Souveränität,Unabhängigkeit eines Staates (vom Einfluss anderer Staaten),Fachbuch,,,https://www.wikidata.org/wiki/Q42008,entity.https://www.wikidata.org/wiki/Q42008,
Entität,democracy,Demokratie,"politisches Prinzip, nach dem das Volk durch freie Wahlen an der Machtausübung im Staat teilhat",Fachbuch,,,https://www.wikidata.org/wiki/Q7174,entity.https://www.wikidata.org/wiki/Q7174,
Entität,quality improvement,Qualitätsverbesserung,Verbesserung der Qualität ,Fachbuch,,,stc://media-0-4/quality_improvement,entity.stc://media-0-4/quality_improvement,
Entität,quantity increase,Quantitätssteigerung,Steigerung der Anzahl,Fachbuch,,,stc://media-0-4/quantity_increase,entity.stc://media-0-4/quantity_increase,
Entität,support,Unterstützung,"Helfen, Fördern",Fachbuch,,,stc://media-0-4/support,entity.stc://media-0-4/support,
Entität,peace,Frieden,"Frieden ist allgemein definiert als ein heilsamer Zustand der Stille oder Ruhe, als die Abwesenheit von Störung oder Beunruhigung und besonders von Krieg (hier ist i.d.R. letztgenannter Zusammenhang gemeint).",Fachbuch,,,https://www.wikidata.org/wiki/Q454,entity.https://www.wikidata.org/wiki/Q454,
Entität,bid,Gebot,"moralisches oder religiöses Gesetz, das ein bestimmtes Handeln, Verhalten [allgemein] verbindlich vorschreibt, fordert",Fachbuch,,,https://www.wikidata.org/wiki/Q16831523,entity.https://www.wikidata.org/wiki/Q16831523,
Entität,reason,Vernunft,"geistige Fähigkeit des Menschen, Einsichten zu gewinnen, sich ein Urteil zu bilden, die Zusammenhänge und die Ordnung des Wahrgenommenen zu erkennen und sich in seinem Handeln danach zu richten",Fachbuch,,,stc://media-0-4/reason,entity.stc://media-0-4/reason,
Entität,weakness,Schwäche,"fehlende körperliche Funktionsfähigkeit, mangelnde Fähigkeit zu wirken, seine Funktion auszuüben",Fachbuch,,,https://www.wikidata.org/wiki/Q102186689,entity.https://www.wikidata.org/wiki/Q102186689,
Entität,hesitation,Zögerlichkeit,"abwartendes, entschlussloses Vorgehen",Fachbuch,,,stc://media-0-4/hesitation,entity.stc://media-0-4/hesitation,
Entität,dot,Punkt,Satzzeichen,Fachbuch,,,https://www.wikidata.org/wiki/Q669057,entity.https://www.wikidata.org/wiki/Q669057,
Entität,expansion,Ausdehnung,"Ausbreitung, sich vergrößernd",Fachbuch,,,https://www.wikidata.org/wiki/Q778301,entity.https://www.wikidata.org/wiki/Q778301,
Entität,de-escalation,Deeskalation,"Ein Problem oder Konflikt wird durch Handlung oder Kommunikation deeskaliert/entschärft, diese Entität muss durch einen Kontext spezifiziert werden.",Fachbuch,entity:schema,[de-escalation] <is a> [ActivityPolitical],https://www.wikidata.org/wiki/Q1182511,entity.https://www.wikidata.org/wiki/Q1182511,
Entität,escalation,Eskalation,"Ein Problem oder Konflikt wird durch Handlung oder Kommunikation eskaliert/verschärft, diese Entität muss durch einen Kontext spezifiziert werden.",Fachbuch,entity:schema,[escalation] <is a> [ActivityPolitical],https://www.wikidata.org/wiki/Q11290000,entity.https://www.wikidata.org/wiki/Q11290000,
Entität,chain reaction,Kettenreaktion,"Folge von [sich steigernden] Ereignissen, die durch ein gleichartiges Ereignis ausgelöst wird",Fachbuch,,,https://www.wikidata.org/wiki/Q1160121,entity.https://www.wikidata.org/wiki/Q1160121,
Entität,interview,Interview,"von einem Berichterstatter von Presse, Rundfunk oder Fernsehen mit einer meist bekannten Persönlichkeit geführtes Gespräch, in dem diese sich zu gezielten, aktuellen [politischen] Themen oder die eigene Person betreffenden Fragen äußert",Fachbuch Medien,,,https://dbpedia.org/page/Interview,entity.https://dbpedia.org/page/Interview,
Entität,Stern (magazine),Stern (Magazin),Der Stern erscheint als aktuelles Wochenmagazin jeden Donnerstag und wird in deutschsprachigen Ländern verbreitet.,Fachbuch Medien,,,https://dbpedia.org/page/Stern_(magazine),entity.https://dbpedia.org/page/Stern_(magazine),
Entität,reckless action,unbesonnenes Handeln,gedankenloses Vorgehen/Handeln,Fachbuch,,,stc://media-0-4/reckless_action,entity.stc://media-0-4/reckless_action,
Entität,(to make a) decision,Entscheidung (treffen),"das Sichentschließen, zu einer Entscheidung kommen",Fachbuch,,,https://www.wikidata.org/wiki/Q16513426,entity.https://www.wikidata.org/wiki/Q16513426,
Entität,call(s),Ruf(e),"laute kurze Äußerung, mit der jemand einen andern über eine [weitere] Entfernung erreichen will",Fachbuch,,,https://www.wikidata.org/wiki/Q7390,entity.https://www.wikidata.org/wiki/Q7390,
Entität,moral duty,moralische Pflicht,"Die Pflicht, Sitte und Moral genau einzuhalten",Fachbuch,,,https://www.wikidata.org/wiki/Q56210320,entity.https://www.wikidata.org/wiki/Q56210320,
Entität,consideration,Abwägung,Überlegung zum Für und Wider anlässlich einer Entscheidung.,Fachbuch,,,https://www.wikidata.org/wiki/Q336341,entity.https://www.wikidata.org/wiki/Q336341,
Entität,Guideline(s),Leitlinie(n) ,"bestimmender Grundsatz, leitender Gesichtspunkt, richtungweisender Anhaltspunkt (für das Handeln)",Fachbuch,,,https://www.wikidata.org/wiki/Q1406816,entity.https://www.wikidata.org/wiki/Q1406816,
Entität,claim,Behauptung,"Äußerung, in der etwas als Tatsache hingestellt wird",Fachbuch,,,https://www.wikidata.org/wiki/Q474328,entity.https://www.wikidata.org/wiki/Q474328,
Entität,distortion of facts,Tatsachenverdrehung,"Ein Sprecher kommuniziert über ein Thema so, dass er einen Adressaten irreführt, entweder indem er unverblümte Lügen erzählt oder eine Nachricht in irreführender Form präsentiert.",Fachbuch,,,stc://media-0-4/distortion_of_facts,entity.stc://media-0-4/distortion_of_facts,
,,,,,,,,,
,"Adjektive (beschreibend, allgemein)",,,,,,,,
Entität,incalculable,unkalkulierbar,nicht einschätzbar (vorab),Fachbuch,,,stc://media-0-4/incalculable,entity.stc://media-0-4/incalculable,
Entität,considered,besonnen,"Besonnenheit bezeichnet, im Unterschied zur Impulsivität, die überlegte, selbstbeherrschte Gelassenheit, die besonders auch in schwierigen oder heiklen Situationen den Verstand die Oberhand behalten lässt, um vorschnelle und unüberlegte Entscheidungen oder Taten zu vermeiden.",Fachbuch,,,https://www.wikidata.org/wiki/Q830031,entity.https://www.wikidata.org/wiki/Q830031,
Entität,determined,entschlossen,eine ganz bestimmte Absicht habend und diese energisch und ohne Zögern verfolgend,Fachbuch,,,stc://media-0-4/determined,entity.stc://media-0-4/determined,
Entität,according to the situation,der Situation entsprechend,der jeweilig vorliegenden Lage angemessen,Fachbuch,,,stc://media-0-4/according_to_the_situation,entity.stc://media-0-4/according_to_the_situation,
Entität,grotesque,grotesk,"Das Adjektiv grotesk steht für wunderlich, verzerrt, seltsam, übertrieben. Im umgangssprachlichen Gebrauch hat es oft eine abwertende Bedeutung als Steigerungspartikel",Fachbuch,,,https://www.wikidata.org/wiki/Q56296532,entity.https://www.wikidata.org/wiki/Q56296532,
Entität,important,wichtig,"für jemanden, etwas von wesentlicher Bedeutung [sodass viel davon abhängt]",Fachbuch,,,stc://media-0-4/important,entity.stc://media-0-4/important,
Entität,barbaric,barbarisch,"unmenschlich, roh, grausam, unzivilsiert",Fachbuch,,,https://www.wikidata.org/wiki/Q134313,entity.https://www.wikidata.org/wiki/Q134313,
Entität,more/more often/stronger,mehr/häufiger/stärker,Komparativ zu häufig/stark,Fachbuch,,,stc://media-0-4/more,entity.stc://media-0-4/more,
Entität,unequivocal/clear,eindeutig/klar,"(in Bedeutung, Inhalt, Sinn) völlig klar, unmissverständlich",Fachbuch,,,stc://media-0-4/unequivocal,entity.stc://media-0-4/unequivocal,
Entität,brave,tapfer,sich furchtlos und zum Widerstand bereit mit Gefahren und Schwierigkeiten auseinandersetzend,Fachbuch,,,stc://media-0-4/brave,entity.stc://media-0-4/brave,
Entität,irresponsible,unverantwortlich,ohne jedes Verantwortungsgefühl,Fachbuch,,,stc://media-0-4/irresponsible,entity.stc://media-0-4/irresponsible,
Entität,overdue,überfällig,"längst fällig; verspätet, noch nicht eingetroffen",Fachbuch,,,https://www.wikidata.org/wiki/Q105766445,entity.https://www.wikidata.org/wiki/Q105766445,
Entität,frivolous,leichtfertig,unbedacht und vorschnell; in verantwortungsloser Weise gedankenlos; fahrlässig,Fachbuch,,,https://www.wikidata.org/wiki/Q107490377,entity.https://www.wikidata.org/wiki/Q107490377,
Entität,horribly bad,furchtbar/schrecklich,"durch seine Art, Gewalt o. Ä. sehr schlimm, bange Beklemmung erregend",Fachbuch,,,https://www.wikidata.org/wiki/Q4830036,entity.https://www.wikidata.org/wiki/Q4830036,
Entität,not (be) enough,nicht genug (sein),nicht ausreichend,Fachbuch,,,stc://media-0-4/not_(be)_enough,entity.stc://media-0-4/not_(be)_enough,
Entität,(to be) wrong,falsch (sein),wenn etwas nicht (insb. moralisch) richtig ist,Fachbuch,,,https://www.wikidata.org/wiki/Q29485,entity.https://www.wikidata.org/wiki/Q29485,
Entität,possible,möglich,"denkbar, infrage, in Betracht kommend",Fachbuch,,,https://www.wikidata.org/wiki/Q30230067,entity.https://www.wikidata.org/wiki/Q30230067,
Entität,scared,ängstlich,von Angst erfüllt; verängstigt; besorgt,Fachbuch,,,stc://media-0-4/scared,entity.stc://media-0-4/scared,
,,,,,,,,,
,Politische Entitäten (allgemein),,,,,,,,
Entität,appeasement,Appeasement,Politik ständigen Nachgebens gegenüber expansiver oder subversiver Machtpolitik besonders totalitärer Staaten; Beschwichtigungspolitik,Fachbuch,,,https://www.wikidata.org/wiki/Q620737,entity.https://www.wikidata.org/wiki/Q620737,
Entität,Political activity,politische Aktivität,"Handlungen von Politiker/innen, aktives Tun",Fachbuch,,,stc://media-0-4/political_activity,entity.stc://media-0-4/political_activity,
Entität,diplomacy,Diplomatie,Wahrnehmung außenpolitischer Interessen eines Staates durch seine Vertreter im Ausland,Fachbuch,,,https://www.wikidata.org/wiki/Q1889,entity.https://www.wikidata.org/wiki/Q1889,
Entität,agenda,Agenda,"Liste von Gesprächs-, Verhandlungspunkten",Fachbuch,,,https://www.wikidata.org/wiki/Q1758159,entity.https://www.wikidata.org/wiki/Q1758159,
Entität,conquest,Eroberung,das Erobern,Fachbuch,,,"https://www.wikidata.org/wiki/Q1361229
","entity.https://www.wikidata.org/wiki/Q1361229
",
Entität,imperium,Imperium,"riesiger Macht-, Herrschaftsbereich",Fachbuch,,,https://www.wikidata.org/wiki/Q48349,entity.https://www.wikidata.org/wiki/Q48349,
Entität,pretext,Vorwand,"nicht zutreffender, nur vorgegebener, als Ausrede benutzter Grund",Fachbuch,,,https://www.wikidata.org/wiki/Q2534669,entity.https://www.wikidata.org/wiki/Q2534669,
Entität,motivation,Motivation,"Gesamtheit der Beweggründe, Einflüsse, die eine Entscheidung, Handlung o. Ä. beeinflussen, zu einer Handlungsweise anregen",Fachbuch,,,https://www.wikidata.org/wiki/Q644302,entity.https://www.wikidata.org/wiki/Q644302,
Entität,defense,Verteidigung ,"gegen Angriffe schützen; Angriffe von jemandem, etwas abzuwehren versuchen",Fachbuch,,,https://www.wikidata.org/wiki/Q1985622,entity.https://www.wikidata.org/wiki/Q1985622,
Entität,political initiative,politische Initiative (Vorstoß),"Als Initiative bezeichnet man in der Politik erstmalige Schritte, die auf die Behebung eines Missstandes abzielen.",Fachbuch,,,https://www.wikidata.org/wiki/Q15275192,entity.https://www.wikidata.org/wiki/Q15275192,
Entität,hanging section,Hängepartie,"metaphorisch (eigentlich: vorläufig abgebrochene, später fortzusetzende Schachpartie; übertragen: eine vertagte Entscheidung, eine ungewisse, ungeklärte Situation)",Fachbuch,,,https://www.wikidata.org/wiki/Q1241480,entity.https://www.wikidata.org/wiki/Q1241480,
Entität,motion for a resolution,Entschließungsantrag,"Der Entschließungsantrag ist eine parlamentarische Handlungsform, mit der das Parlament seine Position begleitend zu bestimmten Gesetzesvorhaben erklärt und die Regierung auffordert, etwas Bestimmtes beim Vollzug des Gesetzes zu tun. Die Entschließung ist rechtlich nicht verbindlich, sie hat lediglich auffordernden Charakter.",Fachbuch,,,https://www.wikidata.org/wiki/Q1345380,entity.https://www.wikidata.org/wiki/Q1345380,
Entität,debate,Debatte,Erörterung eines Themas im Parlament,Fachbuch,,,https://www.wikidata.org/wiki/Q179875,entity.https://www.wikidata.org/wiki/Q179875,
Entität,attitude,Haltung,"innere [Grund]einstellung, die jemandes Denken und Handeln prägt",Fachbuch,,,stc://media-0-4/attitude,entity.stc://media-0-4/attitude,
Entität,government statement,Regierungserklärung,"offizielle Erklärung, in der eine Regierung ihre Politik/ihren Standpunkt zu bestimmten politischen Fragen darlegt",Fachbuch,,,https://www.wikidata.org/wiki/Q2137739,entity.https://www.wikidata.org/wiki/Q2137739,
Entität,sanction(s),Sanktion(en),"gegen Russland verhängte Sanktionen im Zusammenhang mit dem Russland-Ukraine-Krieg (seit Februar hat die EU mehrere Sanktionspakete gegen Russland verhängt, darunter gezielte restriktive Maßnahmen gegen Einzelpersonen (individuelle Sanktionen), Wirtschaftssanktionen und diplomatische Maßnahmen)",Fachbuch,,,https://www.wikidata.org/wiki/Q32098,entity.https://www.wikidata.org/wiki/Q32098,
Entität,international law,Völkerrecht,"international verbindliches, besonders zwischenstaatliches Recht",Fachbuch,,,https://www.wikidata.org/wiki/Q56450033,#REF!,
Entität,alliance ability,Bündnisfähigkeit,"Bündnisfähigkeit ist die Frage, wie einzelne Staaten im Falle von Einsätzen mit Soldaten verfahren, die sie in integrierte Stäbe und Kommandos von NATO oder EU entsandt haben.",Fachbuch,,,stc://media-0-4/alliance_ability,entity.stc://media-0-4/alliance_ability,
Entität,defensive ability,Verteidigungsfähigkeit,Bereitschaft zur Abwehr (militärischer) Angriffe durch einen Staat,Fachbuch,,,stc://media-0-4/defensive_ability,entity.stc://media-0-4/defensive_ability,
Entität,Third World War,Dritter Weltkrieg,"Der Dritte Weltkrieg ist die Bezeichnung für einen befürchteten, wahrscheinlich als Atomkrieg geführten Krieg, der durch nuklearen Holocaust einen Großteil der Menschheit in relativ kurzer Zeit vernichten könnte.",Fachbuch,,,https://dbpedia.org/page/World_War_III,entity.https://dbpedia.org/page/World_War_III,
,,,,,,,,,
,Verben (allgemein),,,,,,,,
Entität,to stop sb/sth.,jemanden/etwas stoppen,"dafür sorgen, dass etwas aufhört, nicht weitergeht",Fachbuch,,,stc://media-0-4/to_stop_sb/sth.,entity.stc://media-0-4/to_stop_sb/sth.,
Entität,to continue,fortfahren,etwas Begonnenes wieder aufnehmen und weiterführen,Fachbuch,,,stc://media-0-4/to_continue,entity.stc://media-0-4/to_continue,
Entität,mess around with something,sich mit etwas umtreiben,"mit Unruhe, unruhiger Sorge erfüllt sein",Fachbuch,,,stc://media-0-4/mess_around_with_something,entity.stc://media-0-4/mess_around_with_something,
Entität,set a sign,ein Zeichen setzen,"Etwas Bedeutsames in einer ungewöhnlichen, aber allgemein bekannten Weise kommunizieren, so dass es von möglichst vielen Menschen wahrgenommen wird.",Fachbuch,,,stc://media-0-4/set_a_sign,entity.stc://media-0-4/set_a_sign,
Entität,hold a talk,eine Rede halten,"Vortragen einer zuvor erarbeiteten, mündlichen Mitteilung an eine Zuhörerschaft",Fachbuch,,,stc://media-0-4/hold_a_talk,entity.stc://media-0-4/hold_a_talk,
Entität,(be on) course,(auf) Kurs (sein),dieselbe (sich als richtig erwiesene) Vorgehensweise beibehalten,Fachbuch,,,https://www.wikidata.org/wiki/Q1793204,entity.https://www.wikidata.org/wiki/Q1793204,
Entität,pay a high price,einen hohen Preis zahlen,teuer zu stehen kommen,Fachbuch,,,stc://media-0-4/pay_a_high_price,entity.stc://media-0-4/pay_a_high_price,
Entität,secure,sichern,"sicher machen, vor einer Gefahr schützen",Fachbuch,,,stc://media-0-4/secure,entity.stc://media-0-4/secure,
,,,,,,,,,
,Orte/Staaten,,,,,,,,
Entität,Eastern Europe,Osteuropa,östlicher Teil Europas,Grundbuch,,,https://www.wikidata.org/wiki/Q27468,entity.https://www.wikidata.org/wiki/Q27468,
Entität,Mariupol,Mariupol,"Mariupol ist eine Stadt in der Oblast Donezk in der Ukraine, die vor Kriegsbeginn rund 440.000 Einwohner hatte. Die Stadt war historisch eines der wichtigsten Zentren der Griechen in der Ukraine, die bis heute eine wichtige Minderheit in der Stadt sind.",Grundbuch,,,https://dbpedia.org/page/Mariupol,entity.https://dbpedia.org/page/Mariupol,
Entität,Ukraine,Ukraine,Staat im Südwesten Osteuropas,Grundbuch,,,https://dbpedia.org/page/Ukraine,entity.https://dbpedia.org/page/Ukraine,
Entität,Berlin (city),Berlin (Stadt),Hauptstadt der Bundesrepublik Deutschland,Grundbuch,,,https://dbpedia.org/page/Berlin,entity.https://dbpedia.org/page/Berlin,
Entität,Europe,Europa,als Erdteil angesehener westlicher Teil Eurasiens,Grundbuch,,,https://www.wikidata.org/wiki/Q46,entity.https://www.wikidata.org/wiki/Q46,
Entität,Russia,Russland ,nicht amtliche Bezeichnung für: Russische Föderation; Staat in Osteuropa und Asien,Grundbuch,,,https://dbpedia.org/page/Russia,entity.https://dbpedia.org/page/Russia,
Entität,Kiew,Kiew,"Kiew ist die Hauptstadt der Ukraine. Sie liegt zu beiden Seiten des Dnepr und ist für ihre religiöse Architektur, ihre weltlichen Denkmäler und ihre Geschichtsmuseen bekannt. ",Grundbuch,,,https://www.wikidata.org/wiki/Q1899,entity.https://www.wikidata.org/wiki/Q1899,
,,,,,,,,,
,Allgemeine Operatoren,,,,,,,,
Operator,identical,ist identisch mit,"Die Entität A ist identisch der Entität B. Dieser Operator wird benötigt, um im Hintergrundwissen abzulegen, dass eine Entität unterschiedliche UUIDs verwendet.",Grundbuch,–,,stc://base/identical,,
Operator,is a,ist ein/e,"Die Entität A ist ein Element der Klasse, welche durch die Entität B definiert wird.",Grundbuch,–,,stc://base-0-5/is_a,operator.stc://base-0-5/is_a,
Operator,is part of,ist Teil von,Die Entität A gehört zu oder ist eine Teilmenge der von Entität B bezeichneten Menge. Dies kann auch die Zugehörigkeit zu einer sozialen Gruppe beschreiben.,Grundbuch,–,,stc://base-0-5/is_part_of,operator.stc://base-0-5/is_part_of,
Operator,is,hat die Eigenschaft,Die Entität A hat die durch Entität B <is a > [Quality] definierte Eigenschaft.,Grundbuch,,,stc://base-0-5/is,operator.stc://base-0-5/is,
Operator,assign topic,gehört zu,Eine Entität A wird einem Thema B (Klasse:Thema) zugeordnet.,Grundbuch,Operator:Verhältnis,,stc://base-0-5/assign_topic,operator.stc://base-0-5/assign_topic,
Operator,assign context,ordnet zu,Eine Entität A (z.B. ein Ereignis) wird explizit einem Kontext B (z.B. der Vergangenheit) zugeordnet. Bei zeitlichen Zuordnungen bitte den spezifischeren Operator <zeitliche Zuordnung> verwenden,Grundbuch,,[EntityB] <is a> [Context].,stc://base-0-5/assign_context,operator.stc://base-0-5/assign_context,
Operator,assign temporal,zeitliche Zuordnung,"Eine zeitliche Zuordnung eines Ereignisses (Entität A) zu einer Entität B <is a> [TemporalContext].

Vorsicht mit Zeitformen: Wenn keine explizite Zuordnung erfolgt, sondern nur die Vergangenheitsform genutzt wird, ist zur Kennzeichnung des zeitlichen Ablaufs das Attribut *Relation:vergangen zu verwenden.",Grundbuch,,,stc://base-0-5/assign_temporal,operator.stc://base-0-5/assign_temporal,
Operator,is ascribed the schema,wird zugeschrieben das Schema,"Einer Gruppe von Personen (Entität A) wird ein Schema (Entität B, enitity:schema) zugeschrieben.",Grundbuch,,,stc://base-0-5/is_ascribed_the_schema,operator.stc://base-0-5/is_ascribed_the_schema,
Operator,assign spacial,örtliche Zuordnung,Eine örtliche Zuordnung eines Ereignisses (Entität A) zu einer Entität B <is a> [SpacialContext].,Grundbuch,,,stc://base-0-5/assign_spacial,operator.stc://base-0-5/assign_spacial,
Operator,and,und,Die Vereinigungsmenge der Entitäten A und B definiert eine neue Entität → beide Entitäten sind Mengen oder Gruppen.,Grundbuch,Operator:definiert,,stc://base-0-5/and,operator.stc://base-0-5/and,
Operator,simultaneously,zugleich,Definiert eine Situation welche das gleichzeitige Eintreten zweiter Situationen oder Bedingungen (A/B) beschreibt.,Grundbuch,Operator:definiert,,stc://base-0-5/simultaneously,operator.stc://base-0-5/simultaneously,
Operator,share quantitative,Anteil quantitativ,"Dieser Operator wird verwendet, um einen quantitativen Anteil einer Menge als neue Entität zu definieren. Der Anteil wird als Entität A angegeben, z.B. [ein Drittel], die Grundgesamtheit als Entität B, z.B. [Polizisten in Los Angeles]",Grundbuch,Operator:definiert,,stc://base-0-5/share_quantitative,operator.stc://base-0-5/share_quantitative,
Operator,share qualitative,Anteil qualitativ,"Dieser Operator wird verwendet, um eine Teilmenge anhand eines Merkmals (Entität A) zu definieren.",Grundbuch,Operator:definiert,,stc://base-0-5/share_qualitative,operator.stc://base-0-5/share_qualitative,
Operator,share,Anteil,"Der Operator wird verwendet, um einen nicht näher spezifizierten Anteil einer Gruppe (Entität B) zu definieren, die Entität A ist in diesem Fall immer ""unspezifischer Anteil"".",Grundbuch,Operator:definiert,,stc://base-0-5/share,operator.stc://base-0-5/share,
Operator,causes,führt zu,Ein Ereignis A führt zu einem Ereignis B,Grundbuch,Operator:Kausalität,,stc://base-0-5/causes,operator.stc://base-0-5/causes,
Operator,is condition for,ist Bedingung für,Eine Entität A ist eine Voraussetzung für Entität B (oder wird als solche dargestellt),Grundbuch,Operator:Kausalität,,stc://base-0-5/is_condition_for,operator.stc://base-0-5/is_condition_for,
Operator,corresponds to,entspricht,Eine Entität A ist einer Entität B gleichwertig oder gleichartig.,Grundbuch,,,stc://base-0-5/corresponds_to,operator.stc://base-0-5/corresponds_to,
Operator,in schema,folgt dem Schema,"Ein Prozess, eine Tätigkeit oder ein Ablauf folgt einem Schema <is a> [Scheme]",Grundbuch,,,stc://base-0-5/in_schema,operator.stc://base-0-5/in_schema,
Operator,locate in time,zeitliche Zuordnung,Ein Ereignis (A) wird einem Zeitpunkt oder Zeitraum (B) zugeordnet.,Grundbuch,,,stc://base-0-5/locate_in_time,operator.stc://base-0-5/locate_in_time,
Operator,important for,wichtig für,Ein Objekt oder ein Vorhaben ist wichtig oder bedeutsam für eine Person oder eine Gruppe.,Grundbuch,,[EntityB] <is a> [ActingEntity],stc://base-0-5/important_for,operator.stc://base-0-5/important_for,
Operator,specifies,spezifiziert durch,"Eine allgemeine Handlung (Entität A) wird durch einen Kontext (Entität B) spezifiziert, sodass sich eine neue Entität ergibt.",Grundbuch,Operator:definiert,,stc://base-0-5/specifies,operator.stc://base-0-5/specifies,
Operator,has attribute,besitzt das Attribut,Einer Relation oder einer Entität wird ein Attribut zugewiesen.,Grundbuch,,[EntityB] <is a> [stc://base-0-4-dev/Attribute],stc://base-0-5/has_attribute,operator.stc://base-0-5/has_attribute,
Operator,"
does not lead to",führt nicht zu,"Ein Ereignis A führt NICHT zu einem Ereignis B, es besteht kein Zusammenhang zwischen diesen Ereignissen.",Grundbuch,,,stc://base-0-5/does_not_lead_to,operator.stc://base-0-5/does_not_lead_to,
Operator,not needed/required,benötigt nicht,Eine Sache wird nicht benötigt/ist nicht erforderlich für etwas.,Grundbuch,,,stc://base-0-5/not_needed/required,operator.stc://base-0-5/not_needed/required,
Operator,is not a course for,ist keine Ursache für,Ein Ereignis A o.Ä. ist nicht ursächlich für den Eintritt eines Ereignisses B/die Entscheidung einer Person A/...,Grundbuch,,,stc://base-0-5/is_not_a_course_for,operator.stc://base-0-5/is_not_a_course_for,
Operator,unless,wenn nicht,"Ein Ereignis (Entität A) tritt ein, wenn nicht ein anderes Ereignis eintritt (Entität B).",Grundbuch,,,stc://base-0-5/unless,operator.stc://base-0-5/unless,
Operator,convey a feeling,vermittelt Gefühl,"Es wird ein bestimmtes Gefühl an den/die Betrachter*in/Leser*in vermittelt, welches mit der nachfolgenden Entität bestimmt wird.",Grundbuch,,,stc://base-0-5/convey_a_feeling,operator.stc://base-0-5/convey_a_feeling,
Operator,contain(s),enthält/enthalten,Eine Entität A enthält/beinhaltet eine Entität B.,Grundbuch,,,stc://base-0-5/contain(s),operator.stc://base-0-5/contain(s),
Operator,not allowed,darf nicht,"Ein Ereignis darf nicht eintreten, eine Person darf etwas nicht tun (nach Meinung des Aussagenden).",Grundbuch,,,stc://base-0-5/not_allowed,operator.stc://base-0-5/not_allowed,
Operator,require(s),erfordert/erfordern,Entität A macht Entität B nötig.,Grundbuch,,,stc://base-0-5/require(s),operator.stc://base-0-5/require(s),
Operator,hashtag means,Hashtag bedeutet,"Wird im zu kodierenden Text ein Hashtag verwendet, so ist die Bedeutung des Hashtags (inhaltlicher Art) über den Operator <hashtag means> als Hintergrundwissen mit dem Hashtag zu verknüpfen. Ja nach Bedeutung kann Entität B z.B. eine Person oder ein Sachverhalt sein.",Grundbuch,,,stc://media/hashtag_means,operator.stc://media/hashtag_means,
Operator,profile represents,Profil repräsentiert,"Wird eine SNS-Mention verwendet, so ist das über das mit der Mention verbundene Profil über den Operatpr <Profil repräsentiert> festzuhalten.",Grundbuch,,,stc://base-0-5/profile_represents,operator.stc://base-0-5/profile_represents,
Operator,implies,impliziert,"Wird ein Emoji verwendet und wird darüber eine Emotion übermittelt, so wird die durch das Emoji (Entität A) übermittelte Emotion (Entität B) über den Operator <impliziert> kodiert.",Grundbuch,,,stc://base-0-5/implies,operator.stc://base-0-5/implies,
,,,,,,,,,
,Handlungsoperatoren ,(erfordern i.d.R. eine Person/handlungsfähige Institution/... als Entität A oder B),,,,,,,
Operator,does,macht,Ein Akteur (Klasse:Akteur) führt oder führte eine Handlung aus/durch.,Grundbuch,,,stc://base-0-5/does,operator.stc://base-0-5/does,
Operator,tries,versucht,"Ein Akteur (Klasse:Akteur) unternimmt den Versuch, eine Handlung auszuführen.",Grundbuch,,,stc://base-0-5/tries,operator.stc://base-0-5/tries,
Operator,plans,plant,"Ein Akteur (Klasse:Akteur) plant, eine Handlung ausführen.",Grundbuch,,,stc://base-0-5/plans,operator.stc://base-0-5/plans,
Operator,expresses opinion,meint,Eine Person A vertritt eine Meinung oder Position B.,Grundbuch,,,stc://base-0-5/expresses_opinion,operator.stc://base-0-5/expresses_opinion,
Operator,wants,will,"Eine Person möchte, dass eine Handlung oder ein Ereignis stattfindet oder dass ein Ziel angestrebt wird.",Grundbuch,Operator:Meinungsäußerung,,stc://base-0-5/wants,operator.stc://base-0-5/wants,
Operator,wants not,will nicht,"Eine Person möchte vermeiden, dass eine Handlung oder ein Ereignis stattfindet oder dass ein Ziel angestrebt wird.",Grundbuch,Operator:Meinungsäußerung,,stc://base-0-5/wants_not,operator.stc://base-0-5/wants_not,
Operator,has no interest in,hat kein Interesse an,"Eine Person A hat kein Interesse an einer Person B, einem Ereignis A, o.Ä.",Grundbuch,Operator:definiert,,stc://base-0-5/has_no_interest_in,operator.stc://base-0-5/has_no_interest_in,
Operator,impede,verhindern,"Eintritt eines Ereignisses A verhindern, eine Person B von etwas abhalten",Grundbuch,,,stc://base-0-5/impede,operator.stc://base-0-5/impede,
Operator,coordinate/make an arrangement,absprechen,Eine oder mehrere Person(en)/Institution(en) A sprechen sich ab mit einer oder mehreren Person(en)/Institution(en) B.,Grundbuch,,,stc://base-0-5/coordinate/make_an_arrangement,operator.stc://base-0-5/coordinate/make_an_arrangement,
Operator,support,unterstützen,"Eine Person (Entität A) ist einer anderen Person/Institution/... (Entität B) bei etwas behilflich, setzt sich für diese ein.",Grundbuch,,,stc://base-0-5/support,operator.stc://base-0-5/support,
Operator,act,handeln,"Handeln bezeichnet jede menschliche, von Motiven geleitete ziel­gerichtete Tätigkeit, sei es ein Tun, Dulden oder Unterlassen.",Grundbuch,,,stc://base-0-5/act,operator.stc://base-0-5/act,
Operator,to apply for sth.,beantragen,[auf schriftlichem Wege] (die Gewährung von etwas) verlangen,Grundbuch,,,stc://base-0-5/to_apply_for_sth.,operator.stc://base-0-5/to_apply_for_sth.,
Operator,have a right to sth.,ein Recht auf etwas haben,den (legalen) Anspruch auf etwas haben,Grundbuch,,,stc://base-0-5/have_a_right_to_sth.,operator.stc://base-0-5/have_a_right_to_sth.,
Operator,should,soll(en),"etwas soll geschehen, jemand soll etwas tun, ...",Grundbuch,,,stc://base-0-5/should,operator.stc://base-0-5/should,
Operator,finish sth.,beenden,Einen Vorgang o.Ä. beenden/zu Ende bringen.,Grundbuch,,,stc://base-0-5/finish_sth.,operator.stc://base-0-5/finish_sth.,
Operator,travel,reisen,Person A macht eine Reise (Hintergrund offen).,Grundbuch,,,stc://base-0-5/travel,operator.stc://base-0-5/travel,
Operator,let someone get away with sth.,jemandem etwas durchgehen lassen,"Eine Person (Entität A) lässt einer anderen Person (Entität B) eine Handlung durchgehen, die Handlung wird weder beanstandet noch bestraft.",Grundbuch,,,stc://base-0-5/let_someone_get_away_with_sth.,operator.stc://base-0-5/let_someone_get_away_with_sth.,
Operator,not to do sth.,(etwas) nicht tun/machen,Eine Person nimmt eine bestimmte Handlung (Entität B) nicht vor.,Grundbuch,,,stc://base-0-5/not_to_do_sth.,operator.stc://base-0-5/not_to_do_sth.,
Operator,make sth. clear,deutlich machen ,Eine Person (Entität A) verdeutlicht ihren Standpunkt.,Grundbuch,,,stc://base-0-5/make_sth._clear,operator.stc://base-0-5/make_sth._clear,
Operator,test,testet,Ein Akteur probiert etwas aus.,Grundbuch,,,stc://base-0-5/test,operator.stc://base-0-5/test,
Operator,own,besitzt ,Eine Person (Entität A) besitzt (nicht im Rechtssinne) eine Sache o.Ä. (Entität B) als Eigentümer/in.,Grundbuch,,,stc://base-0-5/own,operator.stc://base-0-5/own,
Operator,decide on,beschließt,"Eine politische Institution verabschiedet/beschließt ein Gesetz, Anordnung o.Ä.",Grundbuch,,,stc://base-0-5/decide_on,operator.stc://base-0-5/decide_on,
Operator,hold on to sth.,festhalten (an),Eine Person (Entität A) hält an einem Vorhaben (Entität B) fest.,Grundbuch,,,stc://base-0-5/hold_on_to_sth.,operator.stc://base-0-5/hold_on_to_sth.,
Operator,be(ing) threatened,bedroht sein/werden,"Eine Person (Entität A) wird von einer Person (Entität B) bedroht (im Rechtssinne: Eine Drohung ist im Strafrecht das Inaussichtstellen eines künftigen Übels, auf das das Drohende vorgibt Einfluss nehmen zu können.)",Grundbuch,,,stc://base-0-5/be(ing)_threatened,operator.stc://base-0-5/be(ing)_threatened,
Operator,uses emoji,verwendet Emoji,Ein Akteur nutzt das nachfolgend beschriebene Emoji/Smiley.,Grundbuch,,,stc://base-0-5/uses_emoji,operator.stc://base-0-5/uses_emoji,
Operator,tighten,verschärfen,Eine Maßnahme/Anordnung/Vorgehen/... wird verschärft.,Grundbuch,,,stc://base-0-5/tighten,operator.stc://base-0-5/tighten,
Operator,learn,lernt,Eine Person (Entität A) erlernt eine bestimmte Fähigkeit/Fertigkeit (Entität B).,Grundbuch,,,stc://base-0-5/learn,operator.stc://base-0-5/learn,
Operator,threaten someone,bedrohen,Ein Akteur bedroht einen weiteren Akteur direkt.,Grundbuch,,,stc://base-0-5/threaten_someone,operator.stc://base-0-5/threaten_someone,
Operator,know,wissen,"Ein Akteur verfügt über ein bestimmtes, in Entität B näher zu definierendes Wissen.",Grundbuch,,,stc://base-0-5/know,operator.stc://base-0-5/know,
Operator,warn about sth.,warnt vor,"Ein Akteur (Entität A) warnt vor einem Ereignis, einer Handlung o.Ä. (Entität B).",Grundbuch,,,stc://base-0-5/warn_about_sth.,operator.stc://base-0-5/warn_about_sth.,
Operator,think sth. is right,(etwas) für richtig halten,Ein Akteur (Entität A) hält eine bestimmte Ansicht/Aussage für richtig (subjektiv).,Grundbuch,,,stc://base-0-5/think_sth._is_right,operator.stc://base-0-5/think_sth._is_right,
Operator,have to do sth.,etwas tun müssen,"Ein Akteur sieht sich selbst dazu verpflichtet, eine bestimmte Handlung zwingend vorzunehmen.",Grundbuch,,,stc://base-0-5/have_to_do_sth.,operator.stc://base-0-5/have_to_do_sth.,
Operator,threaten,droht,Ein Akteur (Entität A) droht mit einer Handlung (Entität B).,Grundbuch,,,stc://base-0-5/threaten ,operator.stc://base-0-5/threaten ,
Operator,build,baut,Ein Akteur (Entität A) baut ein Objekt (Entität B).,Grundbuch,,,stc://base-0-5/build,operator.stc://base-0-5/build,
Operator,to hold a speech,eine Rede halten,"Ein Akteur (Entität A, nicht politisch) hält eine Rede.",Grundbuch,,,stc://base-0-5/to_hold_a_speech,operator.stc://base-0-5/to_hold_a_speech,
Operator,stand by someone,(jmd.) zur Seite stehen,"Ein Akteur (Entität A) steht einem anderen Akteur (Entität B) bei, leistet Hilfe.",Grundbuch,,,stc://base-0-5/stand_by_someone,operator.stc://base-0-5/stand_by_someone,
Operator,organize(s),organisiert,"Ein Akteur kümmert sich um Finanzierung, Rahmenbedingungen u.a. dafür, dass ein Ereignis oder ein Tätigkeit stattfinden kann.",Grundbuch,,,stc://base-0-5/organize(s),operator.stc://base-0-5/organize(s),
Operator,lead,(an)führen,Ein Akteur (Entität A) führt eine näher zu konkretisierende Entität B an und leitet diese.,Grundbuch,,,stc://base-0-5/lead,operator.stc://base-0-5/lead,
Operator,report about,berichtet über,Ein Akteur berichtet in einer Publikation über ein Thema oder Ereignis,Fachbuch,,,stc://base-0-5/report_about,operator.stc://base-0-5/report_about,
Operator,vote for,stimmen für,"Eine Person oder Gruppe oder politische Institution votiert in einer politischen Abstimmung für oder gegen einen Vorschlag, Gesetzentwurf, ...",Fachbuch,Operator:Entscheidung,,stc://base-0-5/vote_for,operator.stc://base-0-5/vote_for,
Operator,enforce,erzwingen,"Eine Entität A erzwingt eine Handlung, Entscheidung o.ä. (Entität B).",Fachbuch,,,stc://base-0-5/enforce,operator.stc://base-0-5/enforce,
Operator,meet,trifft,"Eine Person, Delegation, etc. (Entität A) trifft eine andere Person etc. (Entität B)",Fachbuch,,"[stc://base-0-4-dev/EntityA] <is a> [stc://base-0-4-dev/ActingEntity]
[stc://base-0-4-dev/EntityB] <is a> [stc://base-0-4-dev/ActingEntity]",stc://base-0-5/meet,operator.stc://base-0-5/meet,
Operator,meet political,trifft (politisch),Ein politischer Akteur trifft einen anderen politischen Akteur im Rahmen einer institutionalisierten Handlung.,Fachbuch,,"[stc://base-0-4-dev/EntityA] <is a> [stc://base-0-4-dev/ActingEntity]
[stc://base-0-4-dev/EntityB] <is a> [stc://base-0-4-dev/ActingEntity]",stc://base-0-5/meet_political,operator.stc://base-0-5/meet_political,
Operator,claim political,fordert (politisch),Ein politischer Akteur fordert eine Handlung.,Fachbuch,"Operator:Handlung
Operator:Kommunikation","[stc://base-0-4-dev/EntityA] <is a> [stc://base-0-4-dev/ActingEntity]
[stc://base-0-4-dev/EntityB] <is a> [stc://base-0-4-dev/Activity]",stc://base-0-5/claim_political,operator.stc://base-0-5/claim_political,
,,,,,,,,,
,ATTRIBUTE,,,,,,,,
Attribut,attribute:abstract,Attribut:abstrakt,"Das Attribut soll keiner Entität oder Relation zugeordnet werden, es dient nur als Vorlage für konkrete Attribute.",Grundbuch,–,,stc://base-0-5/attribute:abstract,attribute.stc://base-0-5/attribute:abstract,Attribut
Attribut,attribute:limitation,Attribut:Einschränkung,Das Attribut stellt eine Einschränkung der Gültigkeit dar.,Grundbuch,Attribut:abstrakt,,stc://base-0-5/attribute:limitation,attribute.stc://base-0-5/attribute:limitation,Attribut
Attribut,attrbute:require value,Attribut:Wert erforderlich,Das Attribut kann nur gemeinsam mit einem Wert verwendet werden.,Grundbuch,–,,stc://base-0-5/attrbute:require value,attribute.stc://base-0-5/attrbute:require value,Attribut
Attribut,attribute:defines class,Attribut:definiert Klasse,Das Attribute ordnet eine Entität einer abstrakten Klasse zu,Grundbuch,,,stc://base-0-5/attribute:defines class,attribute.stc://base-0-5/attribute:defines class,
Attribut,entity:class,Klasse von Entitäten,"Die Entität beschreibt eine Klasse von Entitäten, z.B. eine soziale Klasse wie [US-Präsidenten]",Grundbuch,,,stc://base-0-5/entity:class,attribute.stc://base-0-5/entity:class,Entität
Attribut,entity:abstract,Abstrakte Kategorie,"Es handelt sich bei der Idee um eine abstrakte Kategorie, die z.B. keine Tätigkeiten ausführen kann. Dieses Attribut unterscheidet primär Kategorien von klassischen Entitaten",Grundbuch,,,stc://base-0-5/entity:abstract,attribute.stc://base-0-5/entity:abstract,Entität
Attribut,entity:characteristic,Eigenschaften-Entität,"Die Entität beschreibt eine Eigenschaft eines Objekts, einer Person oder eines Tiers.",Grundbuch,,,stc://base-0-5/entity:characteristic,attribute.stc://base-0-5/entity:characteristic,Entität
Attribut,entity:schema,Schema-Eintität,"Die Entität beschreibt ein Schema im Sinne von Psychologie und Kommunikationswissenschaft, also z.B. einen typischen Ablauf oder eine typische Konstellation.",Grundbuch,,,stc://base-0-5/entity:schema,attribute.stc://base-0-5/entity:schema,Entität
Attribut,constraint:time,Einschränkung:Zeitraum,Die Entität ist nur für einen bestimmten Zeitraum definiert oder gültig. Der Zeitraum wird als Ausprägung mit Beginn (begin) und Ende (end) des Zeitraums angegeben.,Grundbuch,"Attribut:Einschränkung
Attribut:Wert erforderlich",,stc://base-0-5/constraint:time,attribute.stc://base-0-5/constraint:time,Entität
Attribut,operator:defines,Operator:definiert,Die Relation mit diesem Operator definiert eine neue Entität. Die Bezeichnung der Entität muss als „def“ angegeben werden.,Grundbuch,Attribut:Wert erforderlich,,stc://base-0-5/operator:defines,attribute.stc://base-0-5/operator:defines,Operator
Attribut,operator:activity,Operator:Handlung,Der Operator beschreibt eine Handlung,Grundbuch,,,stc://base-0-5/operator:activity,attribute.stc://base-0-5/operator:activity,Operator
Attribut,SchemePendingDecision,Operator:Entscheidung,"Der Operator beschreibt eine Willensbekundung oder Entscheidung. Die Richtung der Entscheidung (pro|con|none) muss als ""vote"" angegeben werden.",Grundbuch,Attribut:Wert erforderlich,,stc://base-0-5/SchemePendingDecision,attribute.stc://base-0-5/SchemePendingDecision,Operator
Attribut,operator:decision,Operator:Meinungsäußerung,"Der Operator beschreibt, dass ein Akteur eine Ansicht oder Meinung äußert.",Grundbuch,,,stc://base-0-5/operator:decision,attribute.stc://base-0-5/operator:decision,Operator
Attribut,operator:communication,Operator:Kommunikation,"Der Operator beschreibt eine kommunikative Tätigkeit, welche z.B. zu einer Handlung auffordert",Grundbuch,,,stc://base-0-5/operator:communication,attribute.stc://base-0-5/operator:communication,Operator
Attribut,operator:causality,Operator:Kausalität,Der Operator beschreibt den kausalen Zusammenhang zwischen zwei Entitäten,Grundbuch,,,stc://base-0-5/operator:causality,attribute.stc://base-0-5/operator:causality,Operator
Attribut,operator:relation,Operator:Verhältnis,Der Operator beschreibt das Verhältnis (Relation?) von Entitäten,Grundbuch,,,stc://base-0-5/operator:relation,attribute.stc://base-0-5/operator:relation,Operator
Attribut,relation:defines,definiert eine neue Relation,Die Relation definiert eine neue Entität. Die Bezeichnung der Entität muss als „def“ angegeben werden.,Grundbuch,Attribut:Wert erforderlich,,stc://base-0-5/relation:defines,attribute.stc://base-0-5/relation:defines,Relation
Attribut,relation:possible,mögliche Handlung/Ereignis,"Eine Handlung wird nicht vollzogen oder ein Ereignis passiert nicht, sondern es wird nur als Möglichkeit benannt.",Grundbuch,,,stc://base-0-5/relation:possible,attribute.stc://base-0-5/relation:possible,Relation
Attribut,relation:past,vergangene Handlung/Ereignis,Eine Handlung oder ein Ereignis ist in der Vergangenheit geschehen.,Grundbuch,,,stc://base-0-5/relation:past,attribute.stc://base-0-5/relation:past,Relation
Attribut,relation:figurative,bildlich zu verstehen,"Die Relation ist nicht wörtlich zu verstehen, sondern bildlich gemeint",Grundbuch,,,stc://base-0-5/relation:figurative,attribute.stc://base-0-5/relation:figurative,Relation
Attribut,relation:background,Hintergrundwissen,"Markiert eine Relation, die nicht explizit im Text steht, aber als Hintergrundwissen für das Verständnis des Textes erforderlich ist.",Grundbuch,,,stc://base-0-5/relation:background,attribute.stc://base-0-5/relation:background,Relation